City_ID,City,Country,Date,Lat,Lng,Max Temp,Humidity,Cloudiness,Wind Speed
0,Skjervoy,NO,2022-12-26 22:55:13,70.0311,20.9714,30.2,72,98,14.97
1,Punta Arenas,CL,2022-12-26 22:47:00,-53.15,-70.9167,48.31,53,40,39.12
2,Kodiak,US,2022-12-26 22:50:55,57.79,-152.4072,38.71,93,100,11.5
3,Mahebourg,MU,2022-12-26 22:51:41,-20.4081,57.7,78.26,83,40,5.75
4,Hambantota,LK,2022-12-26 22:55:15,6.1241,81.1185,74.97,87,40,3.71
5,Sakakah,SA,2022-12-26 22:48:28,29.9697,40.2064,51.37,76,100,9.75
6,Ushuaia,AR,2022-12-26 22:46:46,-54.8,-68.3,44.26,70,75,32.21
7,Bambous Virieux,MU,2022-12-26 22:48:14,-20.3428,57.7575,78.22,83,40,5.75
8,Hithadhoo,MV,2022-12-26 22:49:57,-0.6,73.0833,81.18,76,77,18.12
9,Hilo,US,2022-12-26 22:46:58,19.7297,-155.09,86.29,72,0,11.5
10,Kaitangata,NZ,2022-12-26 22:49:39,-46.2817,169.8464,59.41,79,97,7.43
11,Khanu Woralaksaburi,TH,2022-12-26 22:55:17,16.0617,99.8606,67.01,75,88,1.79
12,Bredasdorp,ZA,2022-12-26 22:47:28,-34.5322,20.0403,64.11,83,0,2.39
13,Naryan-Mar,RU,2022-12-26 22:55:18,67.6713,53.087,12.83,94,65,9.91
14,Nyurba,RU,2022-12-26 22:55:19,63.2842,118.3319,-11.83,95,39,8.93
15,Hermanus,ZA,2022-12-26 22:46:45,-34.4187,19.2345,66.6,73,1,2.77
16,Cidreira,BR,2022-12-26 22:48:08,-30.1811,-50.2056,69.8,74,99,9.48
17,Kapaa,US,2022-12-26 22:46:57,22.0752,-159.319,81.19,73,0,10.36
18,Nemuro,JP,2022-12-26 22:55:21,43.3236,145.575,35.22,79,75,16.55
19,Fortuna,US,2022-12-26 22:50:33,40.5982,-124.1573,62.65,80,100,19.57
20,Hanko,FI,2022-12-26 22:55:22,59.8333,22.95,26.06,88,100,28.63
21,Torit,SS,2022-12-26 22:52:57,4.4133,32.5678,76.41,38,100,2.01
22,Bubaque,GW,2022-12-26 22:51:34,11.2833,-15.8333,79.95,65,59,11.5
23,Rorvik,NO,2022-12-26 22:55:24,64.8621,11.2373,39.31,81,100,8.05
24,Qaanaaq,GL,2022-12-26 22:46:52,77.484,-69.3632,-12.15,98,100,3.85
25,Albany,US,2022-12-26 22:46:14,42.6001,-73.9662,25.45,64,85,3.04
26,Norman Wells,CA,2022-12-26 22:47:41,65.282,-126.8329,-12.96,70,40,18.41
27,Tuatapere,NZ,2022-12-26 22:47:00,-46.1333,167.6833,62.69,73,87,5.84
28,Carnarvon,AU,2022-12-26 22:47:32,-24.8667,113.6333,74.21,55,51,26.11
29,Bathsheba,BB,2022-12-26 22:50:45,13.2167,-59.5167,79.41,78,40,23.02
30,Doha,QA,2022-12-26 22:52:31,25.2867,51.5333,60.78,91,99,5.75
31,Alexander City,US,2022-12-26 22:55:28,32.944,-85.9539,42.58,28,0,0.0
32,Vaini,TO,2022-12-26 22:47:16,-21.2,-175.2,86.16,74,75,5.75
33,Longyearbyen,SJ,2022-12-26 22:49:59,78.2186,15.6401,6.04,91,97,9.22
34,Gravelbourg,CA,2022-12-26 22:55:30,49.8834,-106.5512,34.07,85,94,12.91
35,Bengkulu,ID,2022-12-26 22:45:40,-3.8004,102.2655,73.54,80,100,3.71
36,Iqaluit,CA,2022-12-26 22:52:35,63.7506,-68.5145,19.13,68,75,20.71
37,Pacific Grove,US,2022-12-26 22:52:50,36.6177,-121.9166,62.38,82,0,8.05
38,Tuktoyaktuk,CA,2022-12-26 22:47:51,69.4541,-133.0374,-25.6,75,20,11.5
39,Oriximina,BR,2022-12-26 22:53:14,-1.7656,-55.8661,79.12,82,99,0.87
40,Salinas,US,2022-12-26 22:55:32,36.6777,-121.6555,63.07,77,100,0.85
41,Saint-Philippe,RE,2022-12-26 22:46:48,-21.3585,55.7679,74.79,80,39,11.95
42,Caravelas,BR,2022-12-26 22:53:40,-17.7125,-39.2481,73.36,91,72,5.91
43,Narsaq,GL,2022-12-26 22:52:00,60.9167,-46.05,17.19,77,100,6.17
44,Lagoa Vermelha,BR,2022-12-26 22:55:33,-28.2086,-51.5258,66.02,85,69,5.39
45,Maniitsoq,GL,2022-12-26 22:49:10,65.4167,-52.9,19.17,46,33,4.45
46,Azacualpa,HN,2022-12-26 22:55:33,15.3433,-88.5514,66.85,98,100,2.06
47,Callaway,US,2022-12-26 22:55:33,30.153,-85.5699,48.97,52,0,1.9
48,Poum,NC,2022-12-26 22:55:34,-20.2333,164.0167,76.68,91,100,14.34
49,Luderitz,NA,2022-12-26 22:49:44,-26.6481,15.1594,62.98,82,0,12.12
50,Maxixe,MZ,2022-12-26 22:55:34,-23.8597,35.3472,73.98,78,7,5.61
51,Half Moon Bay,US,2022-12-26 22:51:06,37.4636,-122.4286,64.53,85,75,6.91
52,Atuona,PF,2022-12-26 22:41:54,-9.8,-139.0333,77.45,80,90,13.91
53,Port Alfred,ZA,2022-12-26 22:47:03,-33.5906,26.891,64.18,86,16,1.99
54,Santa Cruz Del Sur,CU,2022-12-26 22:55:35,20.7147,-77.9956,77.27,72,72,4.79
55,Nhulunbuy,AU,2022-12-26 22:55:32,-12.2333,136.7667,86.61,74,100,11.5
56,Quesnel,CA,2022-12-26 22:55:36,52.9999,-122.5029,48.7,61,0,6.91
57,Chokurdakh,RU,2022-12-26 22:48:06,70.6333,147.9167,-10.86,94,100,7.96
58,East London,ZA,2022-12-26 22:47:07,-33.0153,27.9116,66.24,88,36,12.93
59,Yulara,AU,2022-12-26 22:50:49,-25.2406,130.9889,82.44,55,8,11.34
60,Naze,JP,2022-12-26 22:47:10,28.3667,129.4833,56.32,63,77,12.8
61,Acapulco,MX,2022-12-26 22:51:40,16.8634,-99.8901,81.3,65,2,6.89
62,Dikson,RU,2022-12-26 22:47:54,73.5069,80.5464,-16.49,96,14,10.2
63,Kalmunai,LK,2022-12-26 22:55:37,7.4167,81.8167,75.18,89,22,6.6
64,Mareeba,AU,2022-12-26 22:55:38,-17.0,145.4333,78.44,88,100,2.98
65,Medea,DZ,2022-12-26 22:55:38,36.2642,2.7539,50.65,46,76,6.15
66,Okha,RU,2022-12-26 22:53:03,53.5739,142.9478,-0.65,88,63,14.27
67,Geraldton,AU,2022-12-26 22:47:18,-28.7667,114.6,66.61,68,4,17.27
68,Codrington,AU,2022-12-26 22:47:19,-38.2667,141.9667,90.66,32,2,14.43
69,Pevek,RU,2022-12-26 22:50:55,69.7008,170.3133,-16.6,100,100,2.57
70,Algiers,DZ,2022-12-26 22:55:39,36.7525,3.042,46.22,81,0,4.61
71,Makakilo City,US,2022-12-26 22:53:35,21.3469,-158.0858,81.45,64,20,3.44
72,Shellbrook,CA,2022-12-26 22:55:40,53.2168,-106.4011,7.83,96,100,10.36
73,Luganville,VU,2022-12-26 22:53:15,-15.5333,167.1667,87.24,61,52,4.94
74,Ati,TD,2022-12-26 22:55:40,13.2154,18.3353,65.64,20,0,12.3
75,Zhoucheng,CN,2022-12-26 22:55:41,35.9122,116.3117,26.37,41,22,1.9
76,Barrow,US,2022-12-26 22:46:58,71.2906,-156.7887,-5.78,77,0,17.27
77,Golden,US,2022-12-26 22:55:41,39.7555,-105.2211,49.71,47,65,4.0
78,Bousso,TD,2022-12-26 22:55:42,10.4795,16.7117,69.44,29,0,6.62
79,Grand Gaube,MU,2022-12-26 22:50:07,-20.0064,57.6608,78.39,70,1,7.0
80,Mataura,NZ,2022-12-26 22:46:46,-46.1927,168.8643,67.33,58,84,3.56
81,Yellowknife,CA,2022-12-26 22:47:13,62.456,-114.3525,-8.88,84,100,16.11
82,Ribeira Grande,PT,2022-12-26 22:47:24,38.5167,-28.7,54.77,79,66,4.0
83,Rikitea,PF,2022-12-26 22:47:13,-23.1203,-134.9692,78.28,71,32,7.29
84,Chabahar,IR,2022-12-26 22:55:43,25.2919,60.643,72.93,71,31,4.72
85,Pangnirtung,CA,2022-12-26 22:47:37,66.1451,-65.7125,15.8,48,100,16.11
86,New Norfolk,AU,2022-12-26 22:47:31,-42.7826,147.0587,71.92,46,88,2.71
87,Nisia Floresta,BR,2022-12-26 22:55:43,-6.0911,-35.2086,79.61,79,96,7.96
88,Arraial Do Cabo,BR,2022-12-26 22:44:34,-22.9661,-42.0278,73.36,94,75,19.57
89,Leningradskiy,RU,2022-12-26 22:47:53,69.3833,178.4167,-12.3,93,18,3.6
90,Rio Gallegos,AR,2022-12-26 22:51:46,-51.6226,-69.2181,55.45,38,40,41.43
91,Upernavik,GL,2022-12-26 22:46:47,72.7868,-56.1549,-11.22,79,71,9.8
92,Ponta Do Sol,PT,2022-12-26 22:51:20,32.6667,-17.1,67.01,66,77,12.84
93,Qandala,SO,2022-12-26 22:55:45,11.472,49.8728,74.43,79,35,0.31
94,Ust-Maya,RU,2022-12-26 22:55:45,60.4167,134.5333,-43.02,100,100,0.31
95,Talara,PE,2022-12-26 22:55:45,-4.5772,-81.2719,75.96,69,0,9.22
96,Roura,GF,2022-12-26 22:52:02,4.7263,-52.3274,78.71,83,75,12.66
97,Katsuura,JP,2022-12-26 22:47:40,35.1333,140.3,44.24,58,45,11.12
98,Bluff,NZ,2022-12-26 22:47:09,-46.6,168.3333,55.36,82,100,11.74
99,Mar Del Plata,AR,2022-12-26 22:50:34,-38.0023,-57.5575,66.22,71,0,15.01
100,Busselton,AU,2022-12-26 22:46:53,-33.65,115.3333,64.53,62,28,12.82
101,Sabzevar,IR,2022-12-26 22:55:47,36.2126,57.6819,38.61,81,20,3.11
102,Aklavik,CA,2022-12-26 22:50:35,68.2191,-135.0107,-22.65,99,100,8.03
103,Gualeguay,AR,2022-12-26 22:55:47,-33.1416,-59.3097,73.02,33,0,4.74
104,Ilulissat,GL,2022-12-26 22:47:37,69.2167,-51.1,1.42,42,20,1.14
105,Villazon,BO,2022-12-26 22:55:48,-22.0866,-65.5942,59.52,46,85,13.18
106,Tasiilaq,GL,2022-12-26 22:50:19,65.6145,-37.6368,-8.09,57,39,5.06
107,Deniliquin,AU,2022-12-26 22:55:48,-35.5333,144.9667,91.11,25,42,7.74
108,Umm Lajj,SA,2022-12-26 22:55:49,25.0213,37.2685,70.25,58,78,18.32
109,Hobart,AU,2022-12-26 22:45:03,-42.8794,147.3294,72.27,79,0,4.61
110,Faanui,PF,2022-12-26 22:53:45,-16.4833,-151.75,80.33,76,15,12.91
111,Bakel,SN,2022-12-26 22:55:50,14.905,-12.4568,76.95,18,87,6.69
112,Puerto Ayora,EC,2022-12-26 22:49:34,-0.7393,-90.3518,85.96,92,63,5.99
113,Ozark,US,2022-12-26 22:55:50,37.0209,-93.206,23.81,76,100,7.0
114,Piacabucu,BR,2022-12-26 22:47:01,-10.4056,-36.4344,77.56,84,26,10.13
115,Ahipara,NZ,2022-12-26 22:46:53,-35.1667,173.1667,72.52,63,16,5.75
116,Hobyo,SO,2022-12-26 22:47:56,5.3505,48.5268,76.73,77,60,12.48
117,Aswan,EG,2022-12-26 22:50:48,24.0934,32.907,58.3,54,0,6.91
118,Elban,RU,2022-12-26 22:55:51,50.1018,136.5094,4.48,98,96,1.12
119,Kruisfontein,ZA,2022-12-26 22:47:04,-34.0033,24.7314,65.88,84,0,5.23
120,Sao Filipe,CV,2022-12-26 22:51:17,14.8961,-24.4956,71.6,68,88,11.05
121,Alofi,NU,2022-12-26 22:47:22,-19.0595,-169.9187,85.89,70,17,11.5
122,Tiksi,RU,2022-12-26 22:47:34,71.6872,128.8694,-12.71,90,100,6.13
123,Burnie,AU,2022-12-26 22:47:21,-41.0667,145.9167,70.95,66,9,5.84
124,Coihaique,CL,2022-12-26 22:46:59,-45.5752,-72.0662,60.75,31,20,16.11
125,Aguimes,ES,2022-12-26 22:50:10,27.9054,-15.4461,63.23,55,0,6.91
126,Sao Joao Do Paraiso,BR,2022-12-26 22:55:53,-15.3136,-42.0144,65.59,96,100,4.12
127,Sena Madureira,BR,2022-12-26 22:55:54,-9.0656,-68.6569,73.18,86,100,3.04
128,Smithers,CA,2022-12-26 22:55:54,54.7804,-127.1743,34.12,100,100,5.75
129,Khatanga,RU,2022-12-26 22:46:55,71.9667,102.5,-37.71,100,38,4.92
130,Westport,US,2022-12-26 22:52:55,41.1415,-73.3579,29.32,54,96,3.0
131,Cayenne,GF,2022-12-26 22:45:00,4.9333,-52.3333,78.84,83,75,12.66
132,Avarua,CK,2022-12-26 22:46:50,-21.2078,-159.775,82.45,74,20,12.66
133,Temiscaming,CA,2022-12-26 22:55:55,46.7212,-79.0971,11.71,79,98,2.3
134,Tromso,NO,2022-12-26 22:47:49,69.6496,18.957,27.37,93,0,3.44
135,Qaqortoq,GL,2022-12-26 22:55:56,60.7167,-46.0333,20.03,85,100,4.85
136,Lorengau,PG,2022-12-26 22:55:56,-2.0226,147.2712,83.71,72,99,7.45
137,Pala,TD,2022-12-26 22:55:56,9.3642,14.9046,68.04,31,2,6.71
138,Kirakira,SB,2022-12-26 22:50:32,-10.4544,161.9205,80.01,84,100,6.8
139,Havre-Saint-Pierre,CA,2022-12-26 22:55:57,50.2334,-63.5986,19.4,78,96,17.4
140,Butaritari,KI,2022-12-26 22:49:23,3.0707,172.7902,80.78,81,100,15.57
141,Alim,PH,2022-12-26 22:55:57,9.5649,122.4876,76.3,84,100,6.89
142,Airai,TL,2022-12-26 22:47:58,-8.9266,125.4092,62.49,93,100,0.89
143,Filingue,NE,2022-12-26 22:55:58,14.3521,3.3168,68.49,23,2,11.21
144,Muros,ES,2022-12-26 22:52:07,42.7762,-9.0603,45.09,95,2,4.43
145,Springfield,US,2022-12-26 22:53:25,37.2153,-93.2982,21.15,76,100,7.0
146,Gizycko,PL,2022-12-26 22:55:59,54.0381,21.7644,38.95,98,100,9.46
147,Presidencia Roque Saenz Pena,AR,2022-12-26 22:50:56,-26.7852,-60.4388,77.05,50,11,6.76
148,Hami,CN,2022-12-26 22:49:40,42.8,93.45,17.06,53,2,2.39
149,Saldanha,ZA,2022-12-26 22:47:53,-33.0117,17.9442,59.05,87,0,12.93
150,Tautira,PF,2022-12-26 22:56:00,-17.7333,-149.15,79.38,77,12,9.53
151,Vao,NC,2022-12-26 22:49:41,-22.6667,167.4833,76.96,83,100,21.83
152,Gobabis,NA,2022-12-26 22:56:01,-22.45,18.9667,78.49,31,46,3.06
153,Mehamn,NO,2022-12-26 22:48:10,71.0357,27.8492,30.11,79,0,8.05
154,Kaeo,NZ,2022-12-26 22:56:01,-35.1,173.7833,73.42,59,4,4.09
155,Leua,SK,2022-12-26 22:56:02,48.2156,18.6071,47.5,94,93,4.23
156,Padang,ID,2022-12-26 22:52:50,-0.9492,100.3543,76.46,82,100,3.96
157,Cherskiy,RU,2022-12-26 22:50:28,68.75,161.3,-12.77,99,100,4.56
158,Kasongo-Lunda,CD,2022-12-26 22:47:08,-6.4667,16.8167,67.89,96,89,0.89
159,Port Blair,IN,2022-12-26 22:47:38,11.6667,92.75,80.64,69,40,3.44
160,Utica,US,2022-12-26 22:56:04,43.1009,-75.2327,22.33,72,100,4.65
161,Njombe,TZ,2022-12-26 22:56:04,-9.3333,34.7667,55.53,99,96,0.36
162,Ryotsu,JP,2022-12-26 22:56:05,38.0833,138.4333,42.66,69,48,10.87
163,San Quintin,MX,2022-12-26 22:52:14,30.4833,-115.95,70.03,37,35,4.61
164,Moyobamba,PE,2022-12-26 22:56:06,-6.05,-76.9667,73.53,60,86,2.46
165,Chateaudun,FR,2022-12-26 22:56:07,48.0833,1.3333,39.94,87,44,6.55
166,Sumenep,ID,2022-12-26 22:56:07,-7.0167,113.8667,77.77,87,100,14.7
167,Funtua,NG,2022-12-26 22:56:08,11.5233,7.3081,59.94,37,0,9.64
168,Salamiyah,SY,2022-12-26 22:51:08,35.0113,37.0532,42.22,91,100,21.97
169,Chuy,UY,2022-12-26 22:47:07,-33.6971,-53.4616,61.83,69,0,8.08
170,Ansalta,RU,2022-12-26 22:56:09,42.6894,46.1178,29.3,65,33,3.49
171,Vanimo,PG,2022-12-26 22:56:10,-2.6741,141.3028,79.92,84,100,2.66
172,Sayyan,YE,2022-12-26 22:52:47,15.1718,44.3244,52.47,83,38,3.87
173,Cockburn Town,TC,2022-12-26 22:51:46,21.4612,-71.1419,76.96,78,40,12.66
174,Jamestown,US,2022-12-26 22:47:20,42.097,-79.2353,19.02,61,100,10.36
175,Saeby,DK,2022-12-26 22:56:11,57.3319,10.5225,37.33,80,7,17.36
176,Micheweni,TZ,2022-12-26 22:46:56,-4.9667,39.8333,80.51,78,24,9.93
177,Puerto Del Rosario,ES,2022-12-26 22:56:12,28.5004,-13.8627,73.15,53,0,16.11
178,Haines Junction,CA,2022-12-26 22:56:13,60.7522,-137.5108,1.35,78,100,1.14
179,Kindu,CD,2022-12-26 22:56:13,-2.95,25.95,68.25,99,53,0.94
180,Yenagoa,NG,2022-12-26 22:50:56,4.9247,6.2642,75.7,66,25,3.85
181,Magaria,NE,2022-12-26 22:56:14,12.9983,8.9099,62.1,32,0,10.0
182,Santa Rosa,PH,2022-12-26 22:56:15,14.3122,121.1114,75.18,80,100,12.55
183,Cape Town,ZA,2022-12-26 22:44:34,-33.9258,18.4232,64.11,75,0,2.3
184,Umm Kaddadah,SD,2022-12-26 22:56:16,13.6017,26.6876,56.82,36,5,14.88
185,Severo-Yeniseyskiy,RU,2022-12-26 22:56:16,60.3725,93.0408,15.78,90,100,11.97
186,Klyuchevskiy,RU,2022-12-26 22:56:17,53.5317,119.4519,-2.58,94,100,2.59
187,Kavieng,PG,2022-12-26 22:47:57,-2.5744,150.7967,83.75,74,77,11.05
188,Tateyama,JP,2022-12-26 22:56:18,34.9833,139.8667,42.1,52,78,13.02
189,Vestmannaeyjar,IS,2022-12-26 22:50:40,63.4427,-20.2734,31.14,72,100,33.96
190,Provideniya,RU,2022-12-26 22:49:50,64.3833,-173.3,17.71,49,20,26.84
191,Husavik,IS,2022-12-26 22:56:19,66.0449,-17.3389,12.09,85,100,6.64
192,Klaksvik,FO,2022-12-26 22:49:32,62.2266,-6.589,29.32,73,100,36.01
193,Cilegon,ID,2022-12-26 22:56:20,-6.0174,106.0538,77.99,80,100,12.15
194,Stykkisholmur,IS,2022-12-26 22:56:21,65.0757,-22.7297,18.46,71,100,15.08
195,Jibuti,DJ,2022-12-26 22:56:22,11.5,42.5,69.73,80,21,8.48
196,Talcahuano,CL,2022-12-26 22:56:22,-36.7167,-73.1167,64.08,68,100,5.75
197,Chumikan,RU,2022-12-26 22:56:23,54.7183,135.315,-3.73,86,39,13.69
198,Jeremie,HT,2022-12-26 22:56:25,18.65,-74.1167,76.91,76,25,1.68
199,Lianzhou,CN,2022-12-26 22:56:26,24.7811,112.3825,43.02,62,1,2.75
200,Gwanda,ZW,2022-12-26 22:56:27,-20.9333,29.0,72.59,49,0,13.38
201,Abu Samrah,SY,2022-12-26 22:56:27,35.3029,37.1841,42.55,91,100,22.03
202,Port Elizabeth,ZA,2022-12-26 22:43:15,-33.918,25.5701,68.09,86,0,14.97
203,Alma,CA,2022-12-26 22:56:28,48.5501,-71.6491,14.34,62,100,9.22
204,Sovetskiy,RU,2022-12-26 22:56:29,61.3614,63.5842,8.74,91,9,6.71
205,Severo-Kurilsk,RU,2022-12-26 22:50:39,50.6789,156.125,31.82,83,7,14.07
206,Broome,US,2022-12-26 22:50:22,42.2506,-75.833,21.65,71,20,9.22
207,Castro,BR,2022-12-26 22:47:47,-24.7911,-50.0119,65.01,87,5,1.21
208,Belmonte,BR,2022-12-26 22:48:38,-15.8631,-38.8828,75.27,85,69,7.43
209,Atar,MR,2022-12-26 22:51:48,20.5169,-13.0499,64.85,15,0,5.84
210,Dalbandin,PK,2022-12-26 22:56:30,28.8947,64.4101,57.07,56,96,3.71
211,Thompson,CA,2022-12-26 22:42:17,55.7435,-97.8558,-9.24,70,75,8.05
212,Chai Nat,TH,2022-12-26 22:56:31,15.1167,100.1,68.05,99,100,2.57
213,Te Anau,NZ,2022-12-26 22:49:29,-45.4167,167.7167,67.77,49,84,0.56
214,Nikolskoye,RU,2022-12-26 22:47:59,59.7035,30.7861,20.91,89,66,11.23
215,Batticaloa,LK,2022-12-26 22:56:32,7.7102,81.6924,75.58,88,50,7.9
216,Guerrero Negro,MX,2022-12-26 22:51:58,27.9769,-114.0611,75.38,27,0,9.1
217,Morant Bay,JM,2022-12-26 22:56:32,17.8815,-76.4093,82.02,78,7,10.2
218,Goya,AR,2022-12-26 22:56:33,-29.14,-59.2626,77.05,26,5,0.54
219,Georgetown,MY,2022-12-26 22:49:27,5.4112,100.3354,78.73,85,20,5.75
220,Lingao,CN,2022-12-26 22:56:33,19.9103,109.6859,61.41,84,14,10.87
221,Marawi,PH,2022-12-26 22:56:34,7.9986,124.2928,68.14,97,100,1.83
222,Puerto Escondido,MX,2022-12-26 22:47:47,15.85,-97.0667,80.83,63,91,3.11
223,Scarborough,GB,2022-12-26 22:56:34,54.2797,-0.4044,36.97,86,9,5.99
224,Hualmay,PE,2022-12-26 22:52:03,-11.0964,-77.6139,71.01,78,92,9.35
225,Mikhaylovka,RU,2022-12-26 22:56:35,50.06,43.2379,32.79,63,98,5.61
226,Khuzhir,RU,2022-12-26 22:56:35,53.1939,107.3397,7.38,68,7,4.61
227,Kutum,SD,2022-12-26 22:56:36,14.2,24.6667,52.05,37,2,10.78
228,Vila Franca Do Campo,PT,2022-12-26 22:50:45,37.7167,-25.4333,50.41,71,33,3.67
229,Saskylakh,RU,2022-12-26 22:48:14,71.9167,114.0833,-35.3,100,25,3.29
230,Port Lincoln,AU,2022-12-26 22:50:26,-34.7333,135.8667,87.51,40,69,16.44
231,Chicama,PE,2022-12-26 22:50:38,-7.8447,-79.1469,68.54,68,97,7.07
232,Faya,SA,2022-12-26 22:51:48,18.3851,42.4509,53.71,84,43,5.73
233,Bethel,US,2022-12-26 22:45:37,41.3712,-73.414,28.2,58,0,5.75
234,Kitimat,CA,2022-12-26 22:52:50,54.0524,-128.6534,34.18,100,100,5.3
235,Mugur-Aksy,RU,2022-12-26 22:56:37,50.35,90.5,1.53,82,37,5.77
236,Riyadh,SA,2022-12-26 22:52:42,24.6877,46.7219,53.74,78,11,10.98
237,Wahpeton,US,2022-12-26 22:52:01,46.2652,-96.6059,-1.48,78,40,8.05
238,Kenai,US,2022-12-26 22:46:49,60.5544,-151.2583,34.14,60,100,20.71
239,Manakara,MG,2022-12-26 22:56:38,-22.1333,48.0167,73.04,90,80,3.44
240,Kununurra,AU,2022-12-26 22:49:45,-15.7667,128.7333,80.58,83,100,3.44
241,Amazar,RU,2022-12-26 22:56:39,53.858,120.875,-3.3,92,100,3.24
242,Mount Isa,AU,2022-12-26 22:49:51,-20.7333,139.5,78.57,83,100,12.66
243,Karasjok,NO,2022-12-26 22:56:39,69.4719,25.5112,30.02,89,100,14.88
244,Tomakivka,UA,2022-12-26 22:56:40,47.8157,34.7414,40.69,80,100,5.61
245,Willowmore,ZA,2022-12-26 22:56:40,-33.2926,23.4895,63.75,68,0,9.51
246,Sfantu Gheorghe,RO,2022-12-26 22:56:40,45.8667,25.7833,45.27,84,100,1.48
247,Boyolangu,ID,2022-12-26 22:56:41,-8.1181,111.8935,74.91,86,99,1.43
248,Cabo San Lucas,MX,2022-12-26 22:42:24,22.8909,-109.9124,81.61,48,0,0.83
249,Hatillo,PR,2022-12-26 22:56:41,18.4863,-66.8254,79.02,88,6,1.01
250,Jumla,NP,2022-12-26 22:56:42,29.2747,82.1838,30.99,32,0,4.52
251,Fethiye,TR,2022-12-26 22:56:42,36.6217,29.1164,55.27,36,0,7.43
252,Touros,BR,2022-12-26 22:46:13,-5.1989,-35.4608,79.29,77,64,12.91
253,Dunmore Town,BS,2022-12-26 22:56:43,25.5,-76.65,73.76,81,100,15.59
254,Sao Felix Do Xingu,BR,2022-12-26 22:56:43,-6.6447,-51.995,71.19,99,100,1.79
255,Tupa,BR,2022-12-26 22:56:43,-21.9347,-50.5136,73.17,83,83,6.6
256,Hermosillo,MX,2022-12-26 22:53:35,29.0667,-110.9667,86.29,14,0,4.0
257,Noumea,NC,2022-12-26 22:56:44,-22.2763,166.4572,80.01,99,100,7.14
258,Navrongo,GH,2022-12-26 22:56:44,10.8956,-1.0921,72.84,25,0,7.58
259,Boa Vista,BR,2022-12-26 22:56:45,2.8197,-60.6733,84.18,70,20,5.75
260,Talnakh,RU,2022-12-26 22:51:35,69.4865,88.3972,18.21,94,100,11.56
261,Margate,GB,2022-12-26 22:51:36,51.3813,1.3862,40.87,84,3,21.45
262,Kisiwani,TZ,2022-12-26 22:56:45,-4.1333,37.95,69.37,95,90,2.82
263,Buala,SB,2022-12-26 22:51:54,-8.145,159.5921,84.47,71,94,6.15
264,Torbay,CA,2022-12-26 22:47:40,47.6666,-52.7314,32.77,76,75,18.41
265,Pizarro,CO,2022-12-26 22:56:46,4.9533,-77.366,76.21,92,99,11.56
266,Manyana,BW,2022-12-26 22:56:46,-23.4,21.7167,86.0,25,84,8.68
267,Ostrovnoy,RU,2022-12-26 22:47:43,68.0531,39.5131,21.87,86,100,26.17
268,Lebu,CL,2022-12-26 22:47:17,-37.6167,-73.65,61.36,85,26,7.78
269,Rambha,IN,2022-12-26 22:56:47,19.5167,85.1,69.66,93,22,3.47
270,Mananara,MG,2022-12-26 22:56:48,-16.1667,49.7667,73.11,92,20,3.6
271,Kahului,US,2022-12-26 22:56:48,20.8947,-156.47,79.84,81,73,5.99
272,Neosho,US,2022-12-26 22:56:48,36.869,-94.368,22.28,72,96,7.0
273,La Ronge,CA,2022-12-26 22:49:43,55.1001,-105.2842,-3.75,77,100,10.36
274,Challapata,BO,2022-12-26 22:56:49,-18.9,-66.7667,58.39,40,53,12.1
275,Takoradi,GH,2022-12-26 22:52:59,4.8845,-1.7554,78.67,75,7,6.53
276,Kongoussi,BF,2022-12-26 22:56:50,13.3258,-1.5347,68.76,23,15,7.74
277,Banamba,ML,2022-12-26 22:56:50,13.55,-7.45,69.8,22,69,9.15
278,Aljezur,PT,2022-12-26 22:56:51,37.3191,-8.8033,58.44,76,5,4.9
279,Fairbanks,US,2022-12-26 22:45:00,64.8378,-147.7164,-3.66,68,0,8.05
280,Cardonal,MX,2022-12-26 22:56:51,20.6,-99.1333,60.67,49,36,7.92
281,Povenets,RU,2022-12-26 22:56:52,62.8487,34.8262,5.79,98,96,6.35
282,Dalianwan,CN,2022-12-26 22:56:52,39.0286,121.695,14.04,85,0,0.0
283,Mount Gambier,AU,2022-12-26 22:47:38,-37.8333,140.7667,91.92,27,1,11.99
284,Rosarito,MX,2022-12-26 22:56:53,32.3333,-117.0333,83.41,45,88,2.13
285,Rabo De Peixe,PT,2022-12-26 22:56:53,37.8,-25.5833,49.51,76,20,4.61
286,Ceres,US,2022-12-26 22:56:53,37.5949,-120.9577,44.55,93,75,0.0
287,Tonstad,NO,2022-12-26 22:56:54,58.6626,6.7169,34.72,89,78,18.68
288,Sanguem,IN,2022-12-26 22:56:54,15.2333,74.1667,73.15,80,14,3.85
289,Batemans Bay,AU,2022-12-26 22:52:21,-35.7167,150.1833,71.1,36,0,7.16
290,Douglas,US,2022-12-26 22:53:47,41.3,-96.167,19.33,53,0,3.44
291,Ancud,CL,2022-12-26 22:47:06,-41.8697,-73.8203,59.38,65,65,4.54
292,Souillac,MU,2022-12-26 22:56:55,-20.5167,57.5167,77.38,83,40,5.75
293,Banda Aceh,ID,2022-12-26 22:56:55,5.5577,95.3222,77.34,83,85,5.82
294,Terekli-Mekteb,RU,2022-12-26 22:56:56,44.1671,45.8698,31.44,96,61,4.94
295,Shadrinsk,RU,2022-12-26 22:53:07,56.0852,63.6335,18.52,96,100,4.14
296,Ibra,OM,2022-12-26 22:51:30,22.6906,58.5334,64.96,82,2,1.48
297,Shushenskoye,RU,2022-12-26 22:56:57,53.325,91.9356,16.23,96,100,4.9
298,Caconda,AO,2022-12-26 22:56:57,-13.7333,15.0667,58.86,93,100,3.6
299,Balclutha,NZ,2022-12-26 22:56:57,-46.2339,169.75,62.51,69,99,6.96
300,Soyo,AO,2022-12-26 22:56:58,-6.1349,12.3689,77.45,82,52,3.96
301,Shimoda,JP,2022-12-26 22:56:04,34.6667,138.95,41.11,77,98,2.77
302,Riberalta,BO,2022-12-26 22:56:58,-10.9833,-66.1,77.2,94,75,6.91
303,Hasaki,JP,2022-12-26 22:49:48,35.7333,140.8333,32.4,52,0,12.17
304,Stutterheim,ZA,2022-12-26 22:56:59,-32.5708,27.424,53.56,95,54,5.77
305,Dubti,ET,2022-12-26 22:56:59,11.7361,41.0853,77.2,66,56,16.4
306,Kushiro,JP,2022-12-26 22:57:00,42.975,144.3747,27.55,80,20,5.75
307,Trenggalek,ID,2022-12-26 22:57:00,-8.05,111.7167,74.48,89,100,2.95
308,Hamilton,US,2022-12-26 22:47:17,39.1834,-84.5333,24.76,86,100,4.61
309,Komsomolskiy,UZ,2022-12-26 22:53:40,40.4272,71.7189,20.12,86,100,0.0
310,Caronport,CA,2022-12-26 22:57:01,50.4501,-105.8179,26.78,87,99,10.02
311,Ossora,RU,2022-12-26 22:57:01,59.2353,163.0719,22.55,56,0,12.55
312,Elliot,ZA,2022-12-26 22:57:02,-31.3333,27.85,50.68,92,49,2.73
313,Yerofey Pavlovich,RU,2022-12-26 22:57:02,53.9667,121.9667,-5.01,95,100,2.28
314,Malinyi,TZ,2022-12-26 22:57:03,-8.9333,36.1333,70.38,98,100,1.5
315,Erenhot,CN,2022-12-26 22:53:05,43.6475,111.9767,4.23,73,74,13.85
316,Seymchan,RU,2022-12-26 22:57:03,62.8833,152.4333,-11.52,96,98,4.25
317,Kazachinskoye,RU,2022-12-26 22:57:04,57.6953,93.2761,21.87,92,100,7.58
318,Filadelfia,US,2022-12-26 22:53:07,39.9523,-75.1638,29.05,51,75,9.22
319,Khargone,IN,2022-12-26 22:57:04,21.8167,75.6,63.73,65,0,6.35
320,Richards Bay,ZA,2022-12-26 22:53:25,-28.783,32.0377,68.95,92,100,4.27
321,Vila Velha,BR,2022-12-26 22:45:34,-20.3297,-40.2925,76.95,90,75,8.05
322,Salta,AR,2022-12-26 22:57:06,-24.7859,-65.4117,63.19,82,100,6.91
323,Kermen,BG,2022-12-26 22:57:06,42.5,26.25,33.62,100,0,2.3
324,Canedo,PT,2022-12-26 22:57:07,40.7908,-8.6193,56.21,90,48,1.9
325,Vostok,RU,2022-12-26 22:53:47,46.4856,135.8833,-5.82,99,99,3.44
326,Tocopilla,CL,2022-12-26 22:57:08,-22.092,-70.1979,69.46,71,9,5.82
327,Whitehorse,CA,2022-12-26 22:53:58,60.7161,-135.0538,11.8,83,75,15.01
328,Grindavik,IS,2022-12-26 22:47:48,63.8424,-22.4338,24.75,100,100,29.93
329,Nome,US,2022-12-26 22:51:59,64.5011,-165.4064,12.27,40,0,17.27
330,Atikokan,CA,2022-12-26 22:53:01,48.7555,-91.6216,3.36,87,100,5.82
331,Masvingo,ZW,2022-12-26 22:57:09,-20.0637,30.8277,64.96,63,0,4.74
332,Srednekolymsk,RU,2022-12-26 22:51:47,67.45,153.6833,-13.4,97,100,10.76
333,Nago,JP,2022-12-26 22:57:11,26.5881,127.9761,61.34,66,38,13.18
334,Sosnovoborsk,RU,2022-12-26 22:57:12,56.1325,93.3589,20.23,94,100,5.97
335,Greenville,US,2022-12-26 22:53:35,35.6127,-77.3663,37.56,43,0,0.0
336,Kupang,ID,2022-12-26 22:45:59,-10.1667,123.5833,75.78,100,100,3.44
337,Toba,JP,2022-12-26 22:57:13,34.4833,136.85,44.6,72,35,19.95
338,Sao Miguel Do Araguaia,BR,2022-12-26 22:57:14,-13.275,-50.1628,69.84,96,100,6.26
339,Sumbe,AO,2022-12-26 22:57:14,-11.2061,13.8437,76.33,89,96,7.09
340,Bandarbeyla,SO,2022-12-26 22:53:41,9.4942,50.8122,74.73,73,8,9.17
341,Gemena,CD,2022-12-26 22:57:15,3.25,19.7667,72.75,45,5,3.09
342,Raudeberg,NO,2022-12-26 22:57:15,61.9875,5.1352,39.87,17,83,36.46
343,Mongo,TD,2022-12-26 22:57:16,12.1844,18.693,68.49,23,0,6.89
344,Fereydunshahr,IR,2022-12-26 22:57:17,32.941,50.121,11.73,63,0,2.89
345,Klerksdorp,ZA,2022-12-26 22:57:17,-26.8521,26.6667,67.84,29,0,1.92
346,Baykit,RU,2022-12-26 22:52:30,61.67,96.37,10.33,98,100,3.94
347,Oktyabrskiy,RU,2022-12-26 22:57:18,54.4815,53.471,19.78,97,100,3.83
348,Paamiut,GL,2022-12-26 22:57:18,61.994,-49.6678,22.15,67,100,10.38
349,Yeniseysk,RU,2022-12-26 22:57:19,58.4497,92.1703,19.44,93,100,6.87
350,Carman,CA,2022-12-26 22:57:20,49.4992,-98.0016,7.9,72,99,14.97
351,Rexburg,US,2022-12-26 22:57:20,43.826,-111.7897,33.01,88,100,4.61
352,Aripuana,BR,2022-12-26 22:57:21,-9.1667,-60.6333,76.24,84,100,1.28
353,Sheboygan,US,2022-12-26 22:55:40,43.7333,-87.9334,15.58,73,40,5.75
354,Mitu,CO,2022-12-26 22:57:23,1.1983,-70.1733,78.15,70,99,1.63
355,Lima,PE,2022-12-26 22:52:28,-12.0432,-77.0282,71.85,68,20,16.11
356,Manavalakurichi,IN,2022-12-26 22:57:24,8.1333,77.3,76.68,87,99,11.1
357,Portland,US,2022-12-26 22:55:04,45.5234,-122.6762,57.61,93,100,4.0
358,Nacala,MZ,2022-12-26 22:57:26,-14.5428,40.6728,74.44,92,72,4.56
359,Broken Hill,AU,2022-12-26 22:57:26,-31.95,141.4333,89.71,28,1,15.7
360,Brae,GB,2022-12-26 22:52:31,60.3964,-1.353,37.04,66,77,35.48
361,Mitsamiouli,KM,2022-12-26 22:51:14,-11.3847,43.2844,80.37,73,21,5.46
362,San Cristobal,VE,2022-12-26 22:57:27,7.7669,-72.225,75.38,57,97,3.02
363,Krasnoselkup,RU,2022-12-26 22:57:27,65.7,82.4667,-2.61,100,47,9.13
364,Fukue,JP,2022-12-26 22:57:28,32.6881,128.8419,49.57,58,6,14.18
365,Amapa,BR,2022-12-26 22:57:29,1.0,-52.0,72.12,98,90,2.82
366,Sistranda,NO,2022-12-26 22:52:35,63.7256,8.834,37.36,87,100,21.05
367,Barstow,US,2022-12-26 22:56:10,34.8986,-117.0228,68.16,26,100,0.18
368,Tadine,NC,2022-12-26 22:57:30,-21.55,167.8833,81.14,75,99,11.99
369,Atambua,ID,2022-12-26 22:57:30,-9.1061,124.8925,74.89,88,100,1.39
370,Payakumbuh,ID,2022-12-26 22:57:30,-0.2202,100.6308,69.58,99,100,0.49
371,Salalah,OM,2022-12-26 22:44:30,17.0151,54.0924,69.89,73,0,2.3
372,Todos Santos,MX,2022-12-26 22:57:31,23.45,-110.2167,75.43,62,0,5.79
373,Sambava,MG,2022-12-26 22:52:34,-14.2667,50.1667,74.23,91,15,7.87
374,Khalkhal,IR,2022-12-26 22:57:32,37.6189,48.5258,29.55,88,83,0.63
375,Khandbari,NP,2022-12-26 22:57:32,27.3747,87.2039,47.39,48,3,3.87
376,Toora-Khem,RU,2022-12-26 22:57:32,52.4675,96.11,1.17,98,100,1.5
377,Meulaboh,ID,2022-12-26 22:49:49,4.1363,96.1285,76.17,89,96,2.77
378,Ruzhyn,UA,2022-12-26 22:57:33,49.7228,29.2046,35.98,93,100,11.41
379,Abu Kamal,SY,2022-12-26 22:57:33,34.4506,40.9171,54.68,59,100,12.37
380,Teguldet,RU,2022-12-26 22:50:57,57.3064,88.1667,16.14,86,99,10.74
381,Sorland,NO,2022-12-26 22:57:34,67.667,12.6934,40.86,78,100,18.25
382,Victoria,HK,2022-12-26 22:55:02,22.2855,114.1577,60.33,78,2,8.99
383,Davila,PH,2022-12-26 22:57:34,18.4726,120.5763,62.58,76,84,20.58
384,Berlevag,NO,2022-12-26 22:52:39,70.8578,29.0864,30.15,80,75,4.61
385,Bagan,RU,2022-12-26 22:57:35,54.1001,77.6646,-2.9,91,17,5.5
386,Zhigansk,RU,2022-12-26 22:50:48,66.7697,123.3711,-16.37,98,100,22.3
387,Siirt,TR,2022-12-26 22:57:36,37.9326,41.9403,41.86,64,100,1.5
388,Omboue,GA,2022-12-26 22:53:06,-1.5746,9.2618,77.52,87,98,1.23
389,Troitsko-Pechorsk,RU,2022-12-26 22:57:36,62.7084,56.1964,9.09,95,82,5.84
390,Andenes,NO,2022-12-26 22:50:50,69.3143,16.1194,33.78,75,0,14.97
391,Novyy Urengoy,RU,2022-12-26 22:57:37,66.0833,76.6333,1.78,97,79,6.08
392,Bonavista,CA,2022-12-26 22:57:37,48.6499,-53.1147,30.94,61,46,18.84
393,Sidney,AU,2022-12-26 22:55:26,-33.8679,151.2073,83.59,72,20,10.36
394,Bowen,AU,2022-12-26 22:56:52,-20.0167,148.2333,81.07,68,85,19.26
395,Novopokrovka,UA,2022-12-26 22:57:38,49.8425,36.5477,37.69,96,100,4.85
396,Gamba,GA,2022-12-26 22:57:38,-2.65,10.0,76.86,88,83,2.91
397,Hukuntsi,BW,2022-12-26 22:57:39,-24.0,21.75,85.01,19,76,12.46
398,Usinsk,RU,2022-12-26 22:57:39,65.9939,57.5281,12.11,96,87,12.26
399,Darhan,MN,2022-12-26 22:51:34,49.4867,105.9228,-15.16,97,19,4.7
400,Concepcion Del Oro,MX,2022-12-26 22:57:40,24.6333,-101.4167,57.52,21,0,7.94
401,Namibe,AO,2022-12-26 22:47:45,-15.1961,12.1522,72.45,82,100,4.38
402,Kilindoni,TZ,2022-12-26 22:57:40,-7.9139,39.6668,80.76,81,40,10.6
403,Sitka,US,2022-12-26 22:47:42,57.0531,-135.33,42.69,87,100,0.0
404,Pouembout,NC,2022-12-26 22:57:41,-21.1333,164.9,76.06,90,100,4.92
405,Mozarlandia,BR,2022-12-26 22:57:41,-14.7447,-50.5706,70.27,95,100,8.84
406,Oranjemund,NA,2022-12-26 22:55:17,-28.55,16.4333,62.2,92,0,6.02
407,Aykhal,RU,2022-12-26 22:57:41,66.0,111.5,5.4,93,100,19.62
408,Yambio,SS,2022-12-26 22:57:42,4.5721,28.3955,68.72,36,91,3.71
409,Kijang,KR,2022-12-26 22:56:37,35.2442,129.2139,29.93,31,2,4.68
410,Saint-Francois,FR,2022-12-26 22:53:07,46.4154,3.9054,44.67,93,100,4.61
411,Biak,ID,2022-12-26 22:50:00,-0.9131,122.8766,78.35,81,100,2.19
412,Honningsvag,NO,2022-12-26 22:52:30,70.9821,25.9704,28.15,80,90,10.36
413,Flin Flon,CA,2022-12-26 22:50:57,54.7682,-101.865,-4.16,71,75,0.0
414,Zhanaozen,KZ,2022-12-26 22:57:43,43.3,52.8,31.32,76,95,4.41
415,Fredericksburg,US,2022-12-26 22:53:48,38.3032,-77.4605,33.75,52,40,0.0
416,Pimentel,PE,2022-12-26 22:57:44,-6.8367,-79.9342,75.49,64,20,20.71
417,Arlit,NE,2022-12-26 22:55:11,18.7369,7.3853,63.63,28,0,7.47
418,Jinchang,CN,2022-12-26 22:57:44,38.4953,102.1739,14.95,43,58,1.63
419,Avera,US,2022-12-26 22:53:32,33.194,-82.5271,40.51,36,21,3.4
420,Gaurnadi,BD,2022-12-26 22:57:45,22.9667,90.2333,64.81,80,0,5.99
421,Saint-Leu,RE,2022-12-26 22:57:45,-21.15,55.2833,74.26,76,6,2.82
422,Lucea,JM,2022-12-26 22:57:46,18.451,-78.1736,80.46,74,10,6.8
423,Deputatskiy,RU,2022-12-26 22:47:46,69.3,139.9,-28.52,99,40,5.35
424,Comodoro Rivadavia,AR,2022-12-26 22:57:46,-45.8667,-67.5,69.66,28,0,21.85
425,Cootamundra,AU,2022-12-26 22:57:47,-34.65,148.0333,83.95,20,1,9.53
426,Porrentruy,CH,2022-12-26 22:57:47,47.4153,7.0752,50.25,92,85,11.77
427,Coxim,BR,2022-12-26 22:57:47,-18.5067,-54.76,77.07,83,86,2.01
428,Killybegs,IE,2022-12-26 22:57:48,54.6333,-8.45,40.08,69,66,8.88
429,Sari,IR,2022-12-26 22:57:48,36.5633,53.0601,49.86,86,100,1.88
430,Sosnogorsk,RU,2022-12-26 22:57:48,63.6023,53.8817,9.19,95,88,6.55
431,Tabuk,PH,2022-12-26 22:57:49,17.4189,121.4443,65.35,86,100,3.24
432,Kulhudhuffushi,MV,2022-12-26 22:57:49,6.6221,73.07,76.66,89,100,10.83
433,Cadillac,US,2022-12-26 22:57:50,44.2519,-85.4012,19.31,73,100,6.91
434,Nikolsk,RU,2022-12-26 22:57:50,53.7189,46.0712,15.03,96,100,4.92
435,Mineral Wells,US,2022-12-26 22:57:09,32.8085,-98.1128,56.26,41,29,12.21
436,San Patricio,US,2022-12-26 22:57:50,28.017,-97.5169,66.29,46,34,7.0
437,Nicoya,CR,2022-12-26 22:57:51,10.1483,-85.452,78.94,72,55,6.06
438,San Jose,US,2022-12-26 22:54:50,37.3394,-121.895,66.9,66,0,4.61
439,Muisne,EC,2022-12-26 22:57:51,0.6,-80.0333,74.19,89,100,3.0
440,Tias,ES,2022-12-26 22:57:52,28.9611,-13.645,69.48,68,0,23.02
441,Constitucion,CL,2022-12-26 22:57:52,-35.3333,-72.4167,61.59,78,2,2.48
442,Almaznyy,RU,2022-12-26 22:57:52,48.0448,40.045,33.08,100,100,6.31
443,Evansville,US,2022-12-26 22:53:30,37.9748,-87.5558,32.22,83,100,0.0
444,Awjilah,LY,2022-12-26 22:57:53,29.1081,21.2869,56.73,69,0,3.74
445,Nyagan,RU,2022-12-26 22:57:53,62.1406,65.3936,10.8,90,13,8.37
446,Morehead,US,2022-12-26 22:57:54,37.2711,-87.1764,32.79,79,100,0.0
447,Sur,OM,2022-12-26 22:57:54,22.5667,59.5289,72.54,73,0,7.2
448,Orsha,BY,2022-12-26 22:57:54,54.5153,30.4053,22.91,95,100,14.67
449,Narnaund,IN,2022-12-26 22:57:55,29.2167,76.15,48.97,46,5,6.6
450,Saint George,US,2022-12-26 22:48:28,37.1041,-113.5841,59.43,42,0,3.44
451,Taoudenni,ML,2022-12-26 22:51:59,22.6783,-3.9836,65.17,25,0,11.48
452,Nouakchott,MR,2022-12-26 22:57:56,18.0858,-15.9785,62.53,71,4,11.83
453,Bilibino,RU,2022-12-26 22:53:19,68.0546,166.4372,-21.51,92,25,1.72
454,Uchiza,PE,2022-12-26 22:57:56,-8.4592,-76.4633,71.74,97,89,2.01
455,Eureka,US,2022-12-26 22:57:07,40.8021,-124.1637,62.92,83,100,11.01
456,Ponta Delgada,PT,2022-12-26 22:57:57,37.7333,-25.6667,50.72,76,20,4.61
457,Svetlogorsk,BY,2022-12-26 22:57:57,52.6333,29.7333,29.73,96,100,13.09
458,Praia,CV,2022-12-26 22:50:41,14.9215,-23.5087,72.14,60,20,16.11
459,Lannion,FR,2022-12-26 22:57:58,48.75,-3.4167,45.01,87,100,10.02
460,Havre,FR,2022-12-26 22:57:58,49.5833,0.3333,44.37,87,0,13.8
461,Shakiso,ET,2022-12-26 22:57:58,5.75,38.9167,59.13,64,97,2.46
462,Xining,CN,2022-12-26 22:51:51,36.6167,101.7667,11.95,62,64,0.2
463,Dayong,CN,2022-12-26 22:57:59,25.0209,118.2898,45.32,89,2,2.44
464,Malanje,AO,2022-12-26 22:57:59,-9.5402,16.341,62.65,98,96,2.37
465,Sola,VU,2022-12-26 22:51:51,-13.8833,167.55,82.94,68,74,8.93
466,Lagoa,PT,2022-12-26 22:53:03,39.05,-27.9833,57.72,64,64,12.06
467,Zyryanka,RU,2022-12-26 22:52:43,65.75,150.85,-19.64,99,100,2.39
468,The Pas,CA,2022-12-26 22:58:01,53.8251,-101.2541,-0.38,78,100,2.3
469,Mnogovershinnyy,RU,2022-12-26 22:51:40,53.9353,139.9242,-9.15,87,18,4.16
470,Ankang,CN,2022-12-26 22:58:01,32.68,109.0172,40.35,66,100,1.63
471,Puerto Narino,CO,2022-12-26 22:58:01,-3.7703,-70.3831,72.12,95,100,1.9
472,Ampanihy,MG,2022-12-26 22:58:02,-24.7,44.75,74.03,88,38,2.13
473,Fort Portal,UG,2022-12-26 22:58:03,0.6617,30.2748,59.56,82,98,2.39
474,Huarmey,PE,2022-12-26 22:58:04,-10.0681,-78.1522,71.65,77,68,8.39
475,Yecuatla,MX,2022-12-26 22:58:05,19.8667,-96.75,65.3,83,67,2.77
476,Verkhoyansk,RU,2022-12-26 22:53:14,67.5447,133.385,-31.63,100,99,0.6
477,Setermoen,NO,2022-12-26 22:58:06,68.861,18.3486,20.1,84,100,10.0
478,Markova,UA,2022-12-26 22:58:06,48.6758,24.4138,46.45,85,98,10.65
479,Ust-Tsilma,RU,2022-12-26 22:58:07,65.441,52.1498,16.38,94,99,7.02
480,Ferkessedougou,CI,2022-12-26 22:58:07,9.6,-5.2,73.13,22,1,4.27
481,North Bend,US,2022-12-26 22:55:55,43.4065,-124.2243,61.07,99,100,11.5
482,Pembroke,CA,2022-12-26 22:58:09,45.8168,-77.1162,19.18,87,100,3.2
483,Inyonga,TZ,2022-12-26 22:58:10,-6.7167,32.0667,62.44,98,99,0.36
484,Emerald,AU,2022-12-26 22:58:10,-23.5333,148.1667,75.34,61,7,13.44
485,Inhambane,MZ,2022-12-26 22:58:11,-23.865,35.3833,74.91,77,6,6.64
486,Buchanan,LR,2022-12-26 22:58:11,5.8808,-10.0467,78.91,79,1,6.55
487,Kaduna,NG,2022-12-26 22:58:11,10.5222,7.4383,67.15,34,3,10.13
488,Tsuruga,JP,2022-12-26 22:58:12,35.6455,136.0558,36.64,80,100,9.62
489,Pemba,MZ,2022-12-26 22:58:13,-12.974,40.5178,75.9,94,75,2.3
490,Campo Grande,BR,2022-12-26 22:55:04,-20.4428,-54.6464,83.75,51,40,8.05
491,Verkhnyaya Toyma,RU,2022-12-26 22:58:14,62.2349,44.9985,0.45,100,98,1.92
492,Miquelon,PM,2022-12-26 22:58:14,47.0975,-56.3814,32.0,56,98,28.95
493,Thinadhoo,MV,2022-12-26 22:52:13,0.5333,72.9333,80.89,75,71,14.99
494,Sydney,AU,2022-12-26 22:55:26,-33.8679,151.2073,83.59,72,20,10.36
495,Puerto Madryn,AR,2022-12-26 22:48:14,-42.7692,-65.0385,80.85,28,50,25.77
496,Lazaro Cardenas,MX,2022-12-26 22:58:16,17.9583,-102.2,81.21,63,0,8.23
497,Zirgan,RU,2022-12-26 22:58:16,53.2222,55.9185,8.91,93,100,4.27
498,Mongar,BT,2022-12-26 22:58:17,27.2747,91.2396,42.26,96,92,3.09
499,Saint-Joseph,RE,2022-12-26 22:51:58,-21.3667,55.6167,73.78,79,23,11.9
500,Paragominas,BR,2022-12-26 22:54:23,-2.9667,-47.4833,73.51,95,100,3.13
501,Pedernales,DO,2022-12-26 22:58:21,18.0384,-71.744,78.33,66,0,2.21
502,Banyo,CM,2022-12-26 22:58:22,6.75,11.8167,66.78,37,15,3.36
503,Disna,BY,2022-12-26 22:57:17,55.568,28.1971,23.34,95,100,15.12
504,Escanaba,US,2022-12-26 22:51:32,45.7453,-87.0646,19.71,66,100,1.01
505,Tambura,SS,2022-12-26 22:58:23,5.6,27.4667,70.65,27,28,5.03
506,Tetiz,MX,2022-12-26 22:58:24,20.9667,-89.9333,73.09,62,91,5.3
507,Dryden,CA,2022-12-26 22:58:24,49.7833,-92.7503,8.89,56,100,12.66
508,Kyshtovka,RU,2022-12-26 22:58:25,56.555,76.6271,3.11,97,85,5.79
509,Bambanglipuro,ID,2022-12-26 22:58:26,-7.95,110.2833,75.38,88,99,6.6
510,Kanigiri,IN,2022-12-26 22:58:27,15.4,79.5167,71.8,95,13,1.43
511,Lamesa,US,2022-12-26 22:57:45,32.7376,-101.951,56.52,38,41,5.3
512,Yerbogachen,RU,2022-12-26 22:58:28,61.2767,108.0108,-13.25,100,100,5.64
513,Kimparana,ML,2022-12-26 22:58:28,12.8347,-4.9244,72.64,21,22,8.59
514,Richton Park,US,2022-12-26 22:58:29,41.4845,-87.7034,21.78,78,100,0.0
515,Outjo,NA,2022-12-26 22:58:29,-20.1167,16.15,67.64,36,5,14.32
516,Urumqi,CN,2022-12-26 22:49:39,43.801,87.6005,-4.85,84,23,2.24
517,Magadan,RU,2022-12-26 22:58:30,59.5667,150.8,10.85,73,75,7.36
518,Jaisalmer,IN,2022-12-26 22:54:02,26.9147,70.9181,55.96,22,0,9.33
519,Homer,US,2022-12-26 22:53:59,59.6425,-151.5483,35.47,90,100,8.25
520,Ambilobe,MG,2022-12-26 22:52:37,-13.2,49.05,73.45,94,36,2.19
521,Islahiye,TR,2022-12-26 22:55:20,37.025,36.6306,41.83,88,100,5.7
522,Balkanabat,TM,2022-12-26 22:52:40,39.5108,54.3671,42.87,87,100,6.22
523,Yar-Sale,RU,2022-12-26 22:51:43,66.8333,70.8333,1.99,98,99,4.03
524,Shahrud,IR,2022-12-26 22:58:31,36.4182,54.9763,35.35,82,76,3.69
525,Kempele,FI,2022-12-26 22:58:32,64.9131,25.5034,21.22,79,100,12.66
526,Port Hope,US,2022-12-26 22:58:32,43.9408,-82.7127,21.81,91,94,13.6
527,Hit,IQ,2022-12-26 22:58:33,33.6416,42.8251,54.66,62,98,9.08
528,Greenfield,US,2022-12-26 22:55:21,42.9614,-88.0126,16.61,70,0,4.61
529,Dauphin,CA,2022-12-26 22:58:33,51.1494,-100.0502,10.54,79,20,0.0
530,Colesberg,ZA,2022-12-26 22:58:34,-30.72,25.0972,66.27,25,0,5.95
531,Kavaratti,IN,2022-12-26 22:58:34,10.5669,72.642,81.0,79,53,15.28
532,Huancabamba,PE,2022-12-26 22:58:35,-5.2386,-79.4506,60.94,92,100,2.15
533,Thunder Bay,CA,2022-12-26 22:53:56,48.4001,-89.3168,12.18,48,100,9.22
534,Lasa,IT,2022-12-26 22:58:35,46.6166,10.7002,37.02,95,99,4.41
535,Wukari,NG,2022-12-26 22:58:35,7.85,9.7833,72.82,27,39,5.91
536,Tual,ID,2022-12-26 22:58:36,-5.6667,132.75,79.52,85,100,19.8
537,Shache,CN,2022-12-26 22:52:35,38.4167,77.2406,18.19,51,0,2.17
538,Matagami,CA,2022-12-26 22:58:37,49.7502,-77.6328,5.11,72,100,10.36
539,Clyde River,CA,2022-12-26 22:51:12,70.4692,-68.5914,-3.77,84,100,2.3
540,Barpathar,IN,2022-12-26 22:58:37,26.3,93.8667,57.63,97,66,1.72
541,Lavrentiya,RU,2022-12-26 22:58:37,65.5833,-171.0,-0.06,94,13,13.06
542,San Buenaventura,MX,2022-12-26 22:58:38,27.0833,-101.5333,62.69,20,0,10.51
543,Sao Joao Da Barra,BR,2022-12-26 22:58:38,-21.6403,-41.0511,77.09,89,100,21.3
544,Asau,RO,2022-12-26 22:49:52,46.4333,26.4,31.12,87,68,6.91
545,Siilinjarvi,FI,2022-12-26 22:58:39,63.0833,27.6667,15.82,79,0,6.91
546,Bogashevo,RU,2022-12-26 22:58:39,56.3683,85.1447,13.84,76,0,11.18
547,Linxia,CN,2022-12-26 22:58:40,35.6003,103.2064,15.46,54,73,1.36
548,Agirish,RU,2022-12-26 22:58:40,61.9247,63.0231,9.61,88,14,8.88
549,San Vicente,AR,2022-12-26 22:58:40,-26.6167,-54.1333,77.52,48,68,1.92
550,Hachinohe,JP,2022-12-26 22:58:41,40.5,141.5,33.66,87,55,5.73
551,Inuvik,CA,2022-12-26 22:58:41,68.3499,-133.7218,-17.54,72,100,8.05
552,Sokoni,TZ,2022-12-26 22:58:42,-6.4333,39.55,80.46,79,74,11.48
553,Simao,CN,2022-12-26 22:58:42,22.7886,100.9748,48.51,98,1,1.72
554,Laguna,US,2022-12-26 22:53:31,38.421,-121.4238,61.97,90,75,3.44
555,Solnechnyy,RU,2022-12-26 22:51:36,50.7214,136.6319,2.84,96,70,3.06
556,Novomykolayivka,UA,2022-12-26 22:58:43,47.9781,35.9102,39.11,94,100,4.85
557,Necochea,AR,2022-12-26 22:51:59,-38.5473,-58.7368,65.21,66,2,15.01
558,Itarema,BR,2022-12-26 22:58:43,-2.9248,-39.9167,79.57,75,19,15.26
559,Ayan,RU,2022-12-26 22:52:19,56.45,138.1667,-4.11,76,67,10.29
